,iso3,year,sector_GMatrix,g_primaryagr,g_otherprim,g_energy,g_procfoods,g_bevtobacco,g_textiles,g_clothing,g_leather,g_lumber,g_paperpub,g_chemicals,g_nonmetmin,g_metals,g_fabmetals,g_transpequip,g_machinery,g_othermanuf,g_water,g_construction,g_distribution,g_transport,g_communcation,g_finance,g_insurance,g_obsict,g_oconsumer,g_oservices,sector_HMatrix,h_primaryagr,h_otherprim,h_energy,h_procfoods,h_bevtobacco,h_textiles,h_clothing,h_leather,h_lumber,h_paperpub,h_chemicals,h_nonmetmin,h_metals,h_fabmetals,h_transpequip,h_machinery,h_othermanuf,h_water,h_construction,h_distribution,h_transport,h_communcation,h_finance,h_insurance,h_obsict,h_oconsumer,h_oservices,DomVAshare,GXshare,DXshare,VXsharefwd,VXsharebwd
2,alb,1997,energy,12.8071,3.0441,195.573,19.9136,0.57,7.788,21.7902,17.113,5.2173,4.8667,5.1899,4.1073,14.2867,9.3565,1.9809,4.3321,2.1326,0.2622,35.8618,26.3265,11.4005,0.8181,0.0851,0.1182,6.4698,0.7543,5.4805,energy,2.1284,1.467,103.72,0.5896,0.0649,3.737,19.6156,15.4343,1.9173,0.5194,2.6256,0.84,14.2889,1.348,0.9543,3.2601,1.3847,0.0054,0.073,0.2277,2.8167,0.3293,0.0188,0.0105,0.1329,0.0917,0.2251,0.64915,0.328693,0.542429,0.573427,0.384193
217,bwa,1997,otherprim,0.0102,1933.24,0.0044,0.3431,0.0431,0.0046,0.0047,0.0012,0.0021,0.0037,0.0177,0.0083,0.0002,0.0116,0.3369,0.0076,0.2385,0.0035,7.8737,0.0659,0.1221,0.0023,0.0184,0.0031,0.1511,0.0193,1.1105,otherprim,0.0025,1928.11,0.0028,0.0992,0.0008,0.0044,0.0041,0.0012,0.0005,0.0028,0.0147,0.0013,0.0002,0.0044,0.3365,0.0066,0.0489,0.0002,0.088,0.0061,0.0912,0.0008,0.0019,0.0011,0.0793,0.0041,0.0192,0.908893,0.718848,0.883342,0.772706,0.805127
1107,mwi,1997,primaryagr,600.058,0.1818,0.0219,48.2969,2.959,7.6019,4.195,0.1438,0.0986,0.0871,1.2214,0.0161,0.0004,0.0117,0.0061,0.0153,0.1045,0.0163,0.2075,5.5173,0.1418,0.0218,0.0041,0.0014,0.0628,0.0796,0.1365,primaryagr,280.082,0.0016,0.0157,4.0677,0.0284,5.4009,2.0221,0.0086,0.0041,0.004,0.0248,0.0002,0.0002,0.0002,0.0028,0.0025,0.0018,0.0002,0.0116,0.1312,0.0583,0.0019,0.001,0.001,0.0285,0.0042,0.0036,0.580341,0.685462,0.718619,0.519479,0.69592
1266,phl,1997,obsict,133.259,9.0916,3.933,244.326,36.4692,2.5983,6.6361,3.7896,4.8511,1.0451,6.4323,2.1435,5.2337,1.0251,8.7416,98.6602,5.5574,1.6797,80.0918,258.377,169.055,4.6856,5.6215,31.2431,8262.91,67.8322,435.553,obsict,13.2594,1.7059,0.5533,23.5363,1.2356,2.3466,6.9352,4.7376,5.1177,0.5669,4.4455,2.2199,8.2796,2.8531,3.6355,109.878,3.7204,0.0525,0.4105,13.5897,93.5859,0.4182,0.6948,2.9074,7950.8,1.397,3.3846,0.641131,0.27619,0.559777,0.420969,0.460769
1566,tza,1997,primaryagr,1630.63,2.1109,1.0143,428.138,137.533,7.2218,5.0822,6.5237,0.5145,0.2555,1.3562,0.1661,0.1491,0.2033,0.6998,0.2027,0.3598,0.0131,1.2197,10.4193,1.7174,0.3421,0.0201,0.0048,0.4147,0.0328,93.8929,primaryagr,372.998,0.2323,0.0518,31.4668,4.5299,4.1946,0.6731,0.9568,0.0677,0.0372,0.192,0.0296,0.1518,0.009,0.0261,0.0713,0.3308,0.0013,0.0378,0.9473,1.0685,0.1471,0.0179,0.0045,0.2409,0.0253,1.933,0.688092,0.433264,0.568589,0.455348,0.473088
1593,uga,1997,primaryagr,3085.33,3.7818,1.3117,112.57,90.34,1.2261,0.7104,0.4027,-0.0041,0.918,0.0286,-0.0904,0.2017,0.0559,0.1518,0.3609,1.4113,0.346,18.2441,33.052,10.1135,0.1022,0.0508,0.05,0.7177,4.0795,62.958,primaryagr,456.159,0.1326,0.7038,15.8338,0.3964,0.2638,0.0233,0.1213,0.0028,0.1295,0.0148,0.0142,0.2134,0.0029,0.094,0.2935,0.0514,0.0061,0.1963,0.6981,2.4512,0.0811,0.0325,0.0216,0.3968,0.2585,0.9105,0.947991,0.642662,0.777451,0.722292,0.704787
1676,ven,1997,energy,113.903,31.1456,13348.3,183.752,62.5965,39.4348,85.7173,32.482,44.7104,54.3263,307.605,44.2366,504.31,115.746,141.845,76.6006,4.8948,19.0351,371.595,337.995,402.795,47.5389,19.0671,84.0776,85.7125,154.105,338.419,energy,5.3285,18.2007,12706.4,8.9462,2.7571,5.9901,1.1394,1.3048,0.908,8.4498,87.2467,33.9045,507.138,25.7959,20.0651,12.3688,1.8496,0.1781,0.4157,3.1327,60.0207,1.3465,0.4042,1.2607,7.9254,4.4582,8.4492,0.558885,0.690344,0.74748,0.66879,0.70736
2041,bwa,2001,othermanuf,0.2153,0.0813,0.0346,4.93,1.5525,0.0551,0.0465,0.0857,0.1285,0.2831,0.929,0.0762,0.0016,0.3779,1.4172,0.9133,923.009,0.0338,5.7151,0.3368,0.375,0.0311,0.0753,0.0108,0.2408,0.2514,4.4277,othermanuf,0.0539,0.0425,0.0251,1.1804,0.0372,0.052,0.0354,0.0822,0.0566,0.2134,0.6864,0.0052,0.0016,0.0851,1.3774,0.8542,906.885,0.0033,0.0166,0.025,0.2709,0.0041,0.0071,0.0025,0.0558,0.0617,0.1503,0.360447,0.74877,0.655173,0.370308,0.743054
2648,irn,2001,energy,517.657,84.2416,21232.7,930.151,7.2707,89.2209,134.139,92.9573,27.7675,55.9907,732.406,53.5086,144.219,34.9104,120.632,246.42,373.13,48.4741,1232.72,881.068,1321.2,37.0155,11.4354,24.4109,57.6358,263.498,1307.48,energy,97.6709,29.1297,15855.2,23.6475,0.4144,49.2933,5.0798,17.3334,2.375,5.5955,464.287,39.2554,144.531,11.0517,4.2502,37.9977,9.5067,0.3042,0.2153,9.1913,208.762,0.973,1.8056,7.8642,43.6997,4.0761,11.0094,0.67293,0.744122,0.807719,0.77452,0.764497
3024,mwi,2001,primaryagr,410.472,0.0802,0.0194,24.7662,1.2201,2.1252,3.2686,0.079,0.055,0.0363,0.4689,0.007,0.0008,0.0047,0.008,0.0074,0.0446,0.006,0.0739,2.4106,0.0603,0.0094,0.0018,0.0007,0.0379,0.0301,0.0767,primaryagr,255.114,0.0029,0.0152,8.0523,0.0194,1.1597,2.315,0.0156,0.0138,0.0036,0.0455,0.0003,0.0007,0.0003,0.0069,0.0035,0.0035,0.0001,0.0041,0.0997,0.0291,0.0013,0.0007,0.0005,0.0178,0.0028,0.0019,0.517387,0.658313,0.694861,0.492621,0.672124
3080,nga,2001,energy,33.9379,15.184,12782.0,16.825,15.8453,8.2855,8.224,8.7206,5.48,28.8243,91.6597,2.7353,69.7554,69.3592,7.8025,2.7699,11.0805,1.4021,13.6748,242.142,319.203,1.9249,0.5299,1.1745,81.3093,17.7756,6.0036,energy,1.3328,4.1293,11904.1,4.5594,2.9359,0.8012,0.0528,7.1793,1.2151,0.2105,3.7308,1.6957,3.3261,0.3616,0.6848,1.9432,5.0756,0.0541,0.0549,8.3477,65.4795,0.0957,0.0755,0.2118,47.0317,0.1231,0.0046,0.735383,0.882675,0.9159,0.872501,0.891469
3591,uga,2001,primaryagr,2410.58,2.9207,1.4033,116.966,70.6304,3.8296,0.5233,0.4096,0.0351,0.5179,0.3979,0.0118,0.4919,0.0618,0.2658,2.6588,1.3238,0.2688,16.0319,24.8187,7.9585,0.2068,0.0192,0.0292,0.3068,3.1756,54.8677,primaryagr,314.14,0.1237,0.9159,40.8432,1.6287,3.106,0.0259,0.1986,0.0411,0.1136,0.3607,0.0998,0.5033,0.0306,0.2137,2.5574,0.294,0.01,0.0043,0.959,3.0785,0.2025,0.0024,0.0023,0.0799,0.3351,1.3794,0.956203,0.415594,0.615645,0.578038,0.49742
3674,ven,2001,energy,50.3524,24.0122,14468.4,141.891,56.1649,20.7987,59.8014,30.3885,41.5575,56.4841,381.888,53.9921,652.856,187.491,207.821,132.56,62.6527,15.0516,534.289,617.879,529.163,21.5828,12.7438,21.8163,22.6159,461.91,389.215,energy,1.1073,12.2361,13245.1,4.2618,1.8064,1.8652,0.287,0.764,0.4359,3.0945,88.2687,40.4593,656.322,22.6541,10.825,17.3362,22.0737,0.0497,0.1584,2.0983,32.9793,0.2594,0.159,0.2623,1.495,4.585,6.2245,0.622326,0.693997,0.762776,0.665358,0.707667
3971,aze,2004,energy,36.0288,2.8046,3024.51,30.7964,13.2159,8.8805,0.8338,0.3757,5.7409,1.5729,81.171,0.704,73.3525,2.0713,6.5057,30.2849,5.6921,5.7569,136.007,40.9249,111.811,5.3367,0.1086,0.2258,9.3271,15.6848,82.6325,energy,5.7711,0.5763,2322.57,4.4807,1.0274,8.189,0.6261,0.2818,5.2219,1.1728,70.5716,0.4572,73.4179,1.579,5.5227,17.4488,4.8381,0.0939,0.3723,3.4704,58.1761,1.1503,0.0207,0.168,4.1887,0.7199,3.5848,0.507799,0.710223,0.783253,0.791112,0.740575
4023,ben,2004,primaryagr,782.247,0.294,0.0006,203.434,0.3991,9.864,2.047,0.0,4.6889,4.4831,0.0751,0.0022,1.8156,0.0001,0.0001,0.0001,0.0001,0.0139,5.97,0.5956,0.3873,0.8009,-0.0138,0.0098,0.2101,7.7869,5.6539,primaryagr,216.349,0.0969,0.0002,6.6685,0.0379,5.4182,0.1193,0.0,0.8403,0.4644,0.0242,0.0022,1.6063,0.0001,0.0001,0.0001,0.0001,0.0006,0.0372,0.0271,0.1716,0.0618,0.0029,0.0088,0.1223,1.1333,0.0783,0.751643,0.418744,0.513456,0.526929,0.492162
4050,bfa,2004,primaryagr,1164.25,0.2598,1.6166,201.5,48.1886,0.233,0.2455,0.9951,0.0293,0.0029,0.4208,0.1935,0.0161,0.0386,0.1615,0.3463,0.0157,0.0701,0.6612,44.2841,1.3639,0.5115,0.0926,0.1459,0.0201,0.1029,6.9776,primaryagr,415.726,0.0053,1.3895,15.5437,1.9368,0.0339,0.0087,0.5292,0.0044,0.0006,0.0684,0.0092,0.0069,0.0058,0.0132,0.0499,0.0014,0.001,0.0004,0.8746,0.4622,0.0103,0.0052,0.0051,0.0089,0.0054,0.0402,0.828143,0.462186,0.533587,0.47445,0.476784
4240,bwa,2004,otherprim,0.0353,2482.44,0.0082,1.2242,0.2081,0.0176,0.0169,0.0028,0.0061,0.0105,0.035,0.022,0.0059,0.0509,0.1856,0.0315,0.8032,0.016,23.7093,0.2401,0.4661,0.0089,0.0692,0.0185,0.3733,0.0858,2.8022,otherprim,0.004,2464.93,0.0,0.179,0.0078,0.0165,0.013,0.0025,0.0007,0.0061,0.0208,0.001,0.0059,0.0188,0.1801,0.027,0.1719,0.0018,0.1513,0.0204,0.3223,0.0023,0.0078,0.011,0.0982,0.0245,0.091,0.890411,0.651458,0.74122,0.650406,0.690708
4374,civ,2004,primaryagr,3724.51,1.5106,0.8991,422.25,28.331,27.4195,10.8229,3.9593,1.6367,1.2229,46.9523,0.388,0.3956,0.3345,3.0609,5.4193,1.8346,0.0067,2.3249,-1.3542,1.3917,0.1787,0.0479,0.0599,2.2892,0.1324,1.3382,primaryagr,1631.55,0.3284,0.7281,239.219,2.6729,7.8702,0.2565,1.0518,1.6224,0.3545,27.2978,0.269,0.3474,0.1507,3.36,5.5791,0.0538,0.0002,0.0507,0.0704,0.3517,0.0578,0.0165,0.0262,0.5037,0.0032,0.1294,0.59794,0.332172,0.514677,0.342675,0.38038
4592,ecu,2004,energy,81.4589,8.8223,5501.01,115.606,18.0274,13.6914,13.2195,7.0453,4.4505,15.6853,60.1932,3.6043,16.415,22.422,11.8441,24.159,43.3496,15.3303,101.915,33.2547,331.074,52.4054,35.5996,0.9142,1.9041,1.6065,124.797,energy,47.8013,1.01,3429.1,31.2523,0.5077,2.2724,0.7388,0.6195,2.9994,2.329,23.103,1.8943,16.4122,3.3248,2.8192,7.9729,1.9785,0.1972,0.0315,0.6182,99.0871,6.4469,0.6245,0.124,0.3087,0.3496,2.4835,0.614874,0.438863,0.543571,0.417786,0.45193
4833,gha,2004,primaryagr,2219.96,0.1256,0.004,136.387,29.7782,2.4272,0.0948,0.0035,0.064,0.0002,0.0046,0.0017,0.0058,0.0017,0.0001,0.0309,0.0,0.0,0.0281,0.0004,0.2017,0.0746,0.01,0.0116,0.0612,0.0124,19.6753,primaryagr,932.517,0.0596,0.001,51.4551,1.517,1.0385,0.012,0.0005,0.0523,0.0001,0.002,0.0017,0.0054,0.0005,0.0001,0.0047,0.0,0.0,0.0,0.0002,0.1491,0.0078,0.0016,0.0053,0.0555,0.003,0.6808,0.638237,0.415486,0.549832,0.459233,0.482852
4861,gin,2004,otherprim,0.1225,493.657,0.1025,0.205,0.4823,0.0538,0.4242,0.3866,4.6967,0.4704,0.003,0.7202,6.3828,0.0817,0.1608,0.0002,3.8408,0.161,15.4953,-0.0013,0.0734,0.0237,0.0209,0.0274,0.0573,0.7186,0.3864,otherprim,0.0065,372.086,0.114,0.0136,0.0004,0.0005,0.0014,0.0044,0.5317,0.0016,0.0031,0.0039,6.201,0.0103,0.0104,0.0002,0.0483,0.0003,0.7871,0.0001,0.0104,0.0004,0.0003,0.0015,0.0245,0.0051,0.0824,0.61582,0.494199,0.67323,0.427684,0.596378
5132,irn,2004,energy,1362.93,177.709,40726.5,1431.94,52.5164,296.977,45.5368,96.7999,4.2707,61.7864,1127.73,102.907,349.233,237.008,379.251,621.944,325.069,46.4313,2441.81,2022.65,2334.71,68.4311,37.456,5.7873,198.383,230.506,1317.42,energy,169.993,75.2684,31315.6,41.9375,3.7126,150.579,8.9226,30.4365,2.8062,20.024,733.845,45.6028,349.447,9.9079,10.4066,66.3379,16.6673,0.3614,0.6128,12.7383,459.66,0.9039,2.0781,4.3094,4.9962,2.9628,3.9852,0.654014,0.795611,0.888263,0.841164,0.836113
5240,kaz,2004,energy,191.88,37.9437,7178.01,176.391,7.0202,7.4481,5.3579,7.6275,8.8773,9.3324,120.195,8.1745,438.401,8.8826,10.4051,80.2121,29.1699,3.8885,189.249,167.955,59.234,31.7509,-0.5461,0.4015,-0.0975,72.4707,580.818,energy,31.0099,37.2316,6767.92,11.7912,0.3874,1.1394,0.3382,2.3119,0.3086,0.7106,70.3868,0.7564,413.074,1.2445,2.0225,15.5299,2.6107,0.1563,0.5463,5.9528,39.1404,3.2466,0.0642,0.0356,2.8597,5.0902,32.7894,0.379807,0.627021,0.659688,0.413337,0.641892
5325,khm,2004,clothing,0.0209,0.0079,0.0036,0.0713,0.011,1.2018,773.77,0.3928,0.0147,0.0038,0.0264,0.0044,0.0016,0.0044,0.1052,0.0233,0.0354,0.0023,0.0641,0.2736,0.3034,0.005,0.0055,0.0128,0.0552,0.2562,0.1482,clothing,0.0022,0.0005,0.0,0.007,0.0013,1.1931,761.539,0.297,0.0111,0.001,0.0246,0.0006,0.0015,0.0009,0.0156,0.0037,0.0138,0.0003,0.0006,0.0511,0.2026,0.004,0.003,0.0041,0.0107,0.079,0.0114,0.368178,0.495891,0.548448,0.353295,0.466985
5375,kwt,2004,energy,1.9147,2.2647,29435.7,11.8926,2.0332,0.998,2.3149,0.3896,0.529,2.4506,118.4,3.5681,7.0868,0.6634,4.1698,14.9464,8.6749,121.655,43.5203,146.666,479.503,14.7279,27.2852,6.0625,82.3011,45.4387,191.121,energy,0.0429,1.7246,27702.9,1.5405,0.1581,0.19,0.5083,0.027,0.0568,1.3076,72.8623,1.0638,3.1666,0.1929,0.5143,4.291,2.203,0.2592,0.055,1.3032,275.974,4.1565,0.4678,2.9678,2.839,0.9322,27.2912,0.675,0.807136,0.822163,0.842404,0.838747
5631,mlt,2004,machinery,1.0002,0.0462,0.0762,0.4069,0.0095,0.0228,0.0295,0.0112,0.004,0.0416,0.2547,0.045,0.0138,0.0358,2.0224,1384.5,0.0666,0.1652,0.5119,0.8229,0.4147,4.1552,0.4932,0.0406,1.324,0.2701,3.2677,machinery,0.0784,0.0341,0.0005,0.1938,0.0108,0.0235,0.0274,0.0111,0.004,0.036,0.6609,0.0182,0.0197,0.0346,1.7014,1694.56,0.0505,0.029,0.0306,0.3007,0.3689,2.4135,0.2399,0.0439,0.9422,0.2393,0.1798,0.606833,0.494209,0.593411,0.568743,0.575985
5672,moz,2004,energy,0.5997,1.2089,585.283,0.7727,1.0197,0.2697,0.4055,0.2613,0.6597,0.2935,1.9319,0.1282,395.311,1.0897,0.4356,1.8493,1.0573,3.7268,2.7674,0.0731,3.416,0.307,0.1849,0.1268,0.1775,0.8954,6.6657,energy,0.0727,0.1541,565.964,0.2661,0.0055,0.0556,0.0214,0.0074,0.0307,0.0186,0.5075,0.0216,396.094,1.0899,0.0217,0.2324,0.1367,0.0614,0.0652,0.0181,0.9959,0.0424,0.0083,0.0055,0.1006,0.044,0.1073,0.833959,0.279393,0.50248,0.51584,0.32671
5724,mwi,2004,primaryagr,668.893,0.243,0.3397,25.999,109.102,3.4069,9.763,1.1997,4.0044,4.6558,0.0238,0.0005,0.063,0.1787,0.4781,0.4742,0.1482,0.0357,0.003,16.0261,0.1011,0.0302,0.181,0.4333,0.0108,0.0014,0.4111,primaryagr,223.4,0.0047,0.3391,18.3909,0.5465,1.5394,5.3949,0.0498,0.6218,0.9213,0.0124,0.0004,0.0094,0.0071,0.1062,0.2055,0.0276,0.0004,0.0002,0.0071,0.0543,0.0009,0.0046,0.0112,0.0014,0.0001,0.0031,0.603052,0.448703,0.584764,0.427517,0.512258
5807,nga,2004,energy,27.0117,17.6524,31392.1,43.894,6.8381,2.6035,3.9941,3.0482,2.3112,17.1068,80.6252,9.714,34.5175,4.1672,14.3379,30.759,17.105,0.5158,7.9332,87.2655,362.648,6.5758,15.9214,10.6576,37.8285,28.7706,345.499,energy,0.4452,0.8416,30113.1,0.9245,0.0842,0.7135,0.0137,2.2228,0.4368,1.236,22.0754,2.4318,29.383,2.3382,3.1664,5.1825,0.9498,0.0013,0.0194,10.5857,182.241,0.1088,0.127,0.1538,29.0516,0.2623,0.6384,0.858526,0.869967,0.901368,0.880616,0.884678
5888,nor,2004,energy,93.915,146.73,37146.9,355.839,12.9583,13.0271,4.7338,1.5898,36.4615,181.575,452.415,24.6536,1228.22,25.0733,177.266,141.226,18.9489,13.5218,378.453,656.588,3819.29,73.5702,37.306,14.1675,211.397,171.934,865.721,energy,6.6049,128.517,39685.8,144.328,2.7112,4.9589,1.3566,1.0727,26.1078,93.2951,353.851,12.9403,1218.07,14.6961,65.0708,92.9318,5.4612,0.2117,2.6078,20.9413,2330.41,8.8173,3.9628,2.4792,78.5521,11.457,7.3412,0.739956,0.458843,0.641806,0.528564,0.530057
5969,omn,2004,energy,2.6106,14.3183,11708.3,27.486,3.8057,5.3788,10.95,1.5694,1.1794,15.772,94.57,13.7245,34.0719,1.2817,3.9646,32.9403,18.9081,55.651,108.507,132.16,211.925,7.482,3.8893,0.5245,14.7014,18.5713,96.0142,energy,0.4758,9.7838,11181.9,20.2299,3.2894,4.3015,9.4216,0.9153,0.8903,3.7222,48.2766,8.9317,24.5603,0.3372,1.5091,20.5105,9.3082,0.4855,0.2104,3.523,94.4346,0.5025,0.1487,0.1642,0.5704,1.6549,1.3062,0.846243,0.812758,0.881311,0.872699,0.858528
6090,phl,2004,machinery,4.6143,10.6007,1.3786,20.9464,2.8255,0.9204,3.7663,0.6521,1.1788,0.2233,3.1609,0.6592,2.5432,0.3676,85.9413,12637.3,9.0118,0.1059,30.2869,43.9579,61.4077,43.7787,5.7797,0.9631,3.677,9.2636,58.1709,machinery,1.3482,2.0594,0.2045,3.1251,0.3184,0.6929,2.4251,0.3586,1.1336,0.1115,1.5117,0.5496,2.5763,0.3308,36.3684,12057.4,3.584,0.0025,0.35,1.0665,20.7733,9.9607,0.2069,0.0557,1.2064,0.6618,0.5226,0.304175,0.68941,0.62114,0.444191,0.615216
6185,qat,2004,energy,0.3796,0.0954,8762.32,0.9986,0.2722,0.0807,0.3981,0.0367,0.0146,0.569,482.919,1.0079,33.7773,1.2786,2.4475,2.3329,6.2777,40.5515,97.7654,43.7475,146.442,2.7882,3.3753,1.2104,26.7819,9.6014,75.331,energy,0.0724,0.0698,8604.11,0.0548,0.0186,0.0265,0.2797,0.0061,0.0064,0.2186,418.929,0.134,22.5499,0.1772,0.773,1.31,4.0333,0.3178,0.7286,4.8438,82.7737,0.3541,0.5429,0.9074,11.5451,2.1293,1.5061,0.562613,0.728488,0.709614,0.588051,0.722283
6239,rus,2004,energy,1195.77,347.357,53703.1,2252.16,163.955,108.021,97.4293,59.4716,1290.57,167.834,5570.73,143.794,5321.87,273.146,569.921,2077.25,131.791,393.502,3799.77,2265.38,5605.39,156.877,27.8353,64.3071,816.719,410.05,4214.55,energy,61.11,356.169,68470.2,273.588,19.1879,91.5069,24.4693,19.1024,864.422,122.939,4950.26,112.785,5620.67,159.614,262.875,600.24,64.5683,4.3327,84.9837,33.1641,2119.66,21.736,4.8945,15.1485,153.049,27.0848,20.1322,0.378757,0.51875,0.558545,0.463463,0.539383
6293,sau,2004,energy,135.004,20.4719,99953.6,222.946,71.9667,43.5844,55.0217,14.7167,9.7893,143.722,4492.12,151.286,148.28,30.5315,104.368,215.02,176.875,285.076,943.071,792.492,2831.59,45.6932,49.6115,12.0625,155.767,82.571,732.252,energy,8.8168,13.854,93490.7,27.2358,5.3093,18.609,1.6369,4.4376,1.7066,60.2763,3119.96,16.2581,59.9999,10.2117,5.3456,49.5683,24.3643,1.3509,6.8412,26.2407,772.458,3.7285,2.7778,7.5354,51.5085,13.1853,7.7518,0.686865,0.836647,0.861994,0.850735,0.841347
6603,twn,2004,machinery,10.2149,15.2225,14.8156,27.6672,8.0398,34.7235,8.9124,1.8682,6.4433,7.7817,99.2405,10.4051,33.5163,42.5496,140.93,43527.6,98.59,5.3687,563.156,87.5913,27.9958,31.6357,11.311,7.8641,28.2481,72.6163,389.816,machinery,0.9523,2.7462,7.6299,4.3772,0.2642,34.5869,4.2894,1.5763,6.456,4.3023,93.0335,9.6879,33.7658,38.2207,73.239,38573.9,74.4072,0.1413,8.699,3.9627,14.6066,4.1027,2.7956,0.9116,21.0341,7.0416,7.157,0.264231,0.551825,0.51667,0.306318,0.521982
6752,ven,2004,energy,47.9604,72.1501,27884.4,314.169,76.1647,20.9725,42.9447,54.6376,17.6458,54.0695,533.926,39.0956,1365.74,100.151,214.715,128.009,132.534,45.6693,695.826,859.429,813.969,45.3625,4.6971,14.2646,65.0533,117.614,585.02,energy,3.2348,46.6805,27255.6,12.3012,6.3694,2.9258,0.5774,2.6741,4.8329,3.8023,242.349,30.5634,1375.58,36.3482,30.6998,25.0814,3.9055,0.3498,0.1951,7.446,153.309,2.1235,0.4299,0.5009,5.6337,2.9897,4.5991,0.619315,0.790071,0.872419,0.780057,0.812851
6914,are,2007,energy,12.7501,17.1269,42969.2,32.1236,5.149,8.8165,9.5759,1.6433,2.0993,26.9943,1798.16,24.5966,78.4645,4.9071,18.5294,80.2032,41.6418,347.555,166.417,872.418,967.619,31.7891,51.5505,10.8576,190.801,117.607,216.131,energy,1.4379,15.9405,40902.7,15.2035,1.8028,5.0723,3.229,0.338,1.1361,14.3221,380.829,9.1609,63.2226,2.3944,6.9148,57.8155,29.7998,2.5054,1.7235,34.3424,340.313,2.01722,4.193,5.5856,88.769,10.4706,5.5796,0.543315,0.598639,0.578432,0.548006,0.589312
7049,aze,2007,energy,139.737,8.2483,18774.3,79.814,27.3121,5.4846,1.0255,1.2332,0.613,0.5641,269.281,1.0964,137.659,1.0311,3.9602,14.0553,3.2569,14.1868,283.242,92.8708,339.776,10.1,0.3395,0.5012,25.8433,27.765,250.717,energy,17.9635,1.6709,17437.4,9.5421,1.8449,5.0631,0.9316,1.1879,0.5667,0.3578,246.169,0.4518,137.698,0.8893,2.283,7.3309,2.9851,0.2995,2.5134,2.1823,195.012,1.16624,0.1125,0.3442,14.617,1.3707,6.5508,0.671784,0.884034,0.931866,0.889277,0.902105
7318,bwa,2007,otherprim,0.0375,2949.65,0.0073,1.4365,0.2388,0.0721,0.0686,0.0019,0.0069,0.0161,0.0374,0.0242,0.022,0.0458,0.0471,0.0341,1.0851,0.0171,26.8234,0.259,0.3803,0.011,0.0742,0.0151,0.5508,0.0918,3.0182,otherprim,0.0034,2929.1,0.0,0.2439,0.0095,0.0683,0.0602,0.0016,0.001,0.0112,0.0221,0.0017,0.022,0.0106,0.0406,0.029,0.3395,0.0017,0.1392,0.0187,0.2518,0.0041,0.0074,0.007,0.239,0.023,0.0913,0.882572,0.571074,0.630328,0.564619,0.596346
7670,ecu,2007,energy,92.3623,18.8339,9922.29,161.636,21.9387,15.0622,14.6566,8.8866,7.9332,15.1805,59.0899,3.9679,29.3477,19.2119,19.4577,31.988,52.5033,20.1871,129.881,45.1955,572.409,55.4549,40.1308,1.1027,2.2735,1.754,152.81,energy,45.2888,2.9891,6119.31,49.0537,0.6543,2.1575,0.5685,1.1903,5.9628,2.5622,16.8939,2.0845,29.3476,2.4185,9.4485,14.7634,2.0272,0.2536,0.053,0.8477,145.404,5.21514,0.7598,0.1274,0.412,0.3568,2.6135,0.594805,0.526576,0.648799,0.493183,0.549015
7939,gin,2007,otherprim,0.1252,533.312,0.0811,0.2023,0.5295,0.0514,0.4388,0.4125,4.4319,0.6033,0.0037,0.768,8.8436,0.0656,0.1985,0.0001,3.8827,0.1602,9.3221,-0.0013,0.0426,0.0239,0.0234,0.0314,0.0805,0.8125,0.2625,otherprim,0.0136,420.771,0.0905,0.0113,0.0007,0.0004,0.002,0.0075,0.7543,0.0936,0.0038,0.011,8.6686,0.0021,0.0757,0.0001,0.0908,0.0003,0.5458,0.0001,0.0057,0.007072,0.0004,0.0024,0.0439,0.0205,0.0052,0.569968,0.462428,0.664023,0.411251,0.562581
8210,irn,2007,energy,2496.26,474.159,86318.2,2534.52,86.0439,424.272,77.4013,161.058,8.7421,96.5809,2583.94,203.044,655.121,382.793,696.28,1074.24,572.78,77.6697,4316.28,3582.91,6317.99,149.39,125.655,14.5861,568.84,433.701,2332.27,energy,377.331,308.451,67943.2,124.983,8.316,168.891,11.0061,68.0748,6.5586,33.5223,1996.41,100.253,655.649,22.3393,37.6246,100.4,35.0618,3.054,67.6799,188.396,3098.11,42.4066,68.9675,12.3667,238.29,44.7327,43.0106,0.655743,0.703015,0.786251,0.789524,0.74024
8318,kaz,2007,energy,427.857,78.7164,14289.6,376.902,18.3588,13.6059,11.2443,19.9612,8.0558,29.5147,267.944,23.7545,757.26,19.4582,39.3373,155.136,55.9989,9.8615,526.599,427.978,112.989,84.6764,-1.3215,0.9436,-1.8352,185.954,1522.6,energy,56.0423,75.3521,13459.9,20.7623,1.0222,1.9107,0.2688,9.105,0.2245,1.8975,184.028,9.6728,697.908,2.0858,9.7329,15.5848,1.4693,0.2496,0.8083,9.5533,69.6793,5.3941,0.2543,0.1539,5.9669,8.0953,55.6915,0.377302,0.62115,0.648088,0.398548,0.634812
8453,kwt,2007,energy,3.4067,6.1828,63156.1,35.57,6.2372,2.2826,4.1144,0.9222,1.1934,4.9154,246.132,8.642,12.8646,1.3569,8.1408,34.637,22.5761,264.557,149.017,235.367,1031.86,55.628,37.3906,6.8248,210.655,63.843,229.365,energy,0.078,4.2802,60052.3,5.7543,0.5632,0.3308,0.1441,0.0827,0.1885,2.5033,130.101,2.9368,5.8221,0.505,0.9743,9.7173,6.8639,0.3753,0.2,2.5366,648.443,37.8056,0.7576,2.6609,45.1845,1.4005,22.3228,0.695403,0.811377,0.842084,0.847244,0.842446
8722,mng,2007,otherprim,0.4858,735.455,3.6653,0.2707,0.0227,0.1414,0.1006,0.027,0.352,0.0258,0.0525,0.0247,5.5388,0.01,0.0238,0.0492,0.0192,0.0391,8.7268,0.7455,3.644,0.0959,0.0172,0.0126,0.5344,0.1104,1.9615,otherprim,0.0863,771.779,0.9606,0.0493,0.0023,0.1398,0.0896,0.0258,0.2823,0.0039,0.0526,0.0087,5.6114,0.0053,0.014,0.0301,0.0151,0.0056,0.0651,0.0626,2.4675,0.034829,0.0059,0.0035,0.1262,0.0323,0.0593,0.645749,0.495685,0.636249,0.47679,0.542906
8750,moz,2007,energy,1.3909,0.7836,1119.76,1.1205,0.2771,0.0717,0.1449,0.0637,0.2836,0.0471,0.2867,0.5391,570.863,0.1174,0.1408,0.2666,0.0706,13.468,3.3811,0.2324,8.0832,0.9377,0.7185,0.4596,0.7359,4.1462,29.7481,energy,0.2238,0.1974,1082.9,0.3808,0.0033,0.019,0.0054,0.003,0.0226,0.0345,0.1159,0.1679,571.993,0.1174,0.0576,0.0739,0.0331,0.2774,0.1276,0.0469,2.6152,0.188,0.0552,0.0302,0.4621,0.2559,1.5405,0.736097,0.326431,0.517558,0.517103,0.35734
8802,mwi,2007,primaryagr,933.781,0.2578,0.6008,20.4317,121.129,3.6626,8.1524,1.3785,5.5294,4.8799,0.0498,0.0002,0.0668,0.1927,0.4822,2.5255,0.1006,0.0497,0.0195,20.7692,0.1908,0.0443,0.2624,0.5604,0.0724,0.0024,0.4452,primaryagr,423.707,0.008,0.6062,14.6797,1.7486,1.6135,3.2989,0.1291,1.4953,0.4746,0.0399,0.0001,0.0103,0.0098,0.185,2.4153,0.0129,0.0008,0.016,0.2812,0.143,0.0144,0.0705,0.1218,0.0634,0.0011,0.0106,0.61231,0.432962,0.554401,0.398368,0.503515
8885,nga,2007,energy,33.0119,24.0967,55490.8,47.4055,11.4027,3.0676,5.2979,3.4922,2.8762,19.1769,133.572,12.095,65.9175,5.1259,18.3243,46.6321,22.8036,0.6523,12.6429,92.2433,342.191,8.2091,19.0862,12.4088,12.5014,34.4182,395.408,energy,0.3197,1.0904,54250.3,0.596,0.4578,0.3371,0.0261,2.4889,0.2514,0.2935,43.3549,3.0573,58.8364,2.4602,1.3518,2.7839,1.3884,0.0028,0.0219,0.4206,145.872,0.411442,0.2321,0.1225,0.6903,0.4569,16.6613,0.873068,0.937301,0.959134,0.937704,0.947217
8966,nor,2007,energy,74.4478,205.636,59807.9,421.541,18.0319,14.8009,5.5388,2.3944,44.2641,204.818,778.222,39.4615,1482.97,34.6374,233.147,214.955,22.0774,16.2639,636.886,831.245,5676.44,96.9637,43.034,14.8694,332.116,223.501,1088.15,energy,6.468,178.245,63183.8,169.976,3.5449,5.8269,1.2149,1.3398,28.7148,105.831,679.726,22.4055,1471.39,21.0669,74.68,145.431,4.4253,0.2679,7.1533,32.3702,3364.03,13.5861,6.0073,1.8258,139.902,18.8167,8.4358,0.714691,0.465316,0.637818,0.526213,0.538356
9047,omn,2007,energy,5.3454,31.0443,20717.6,43.072,1.6062,6.4338,8.9694,3.0826,1.3691,23.0903,360.906,27.1137,47.0856,3.8812,5.4739,62.481,32.1283,143.283,247.818,264.039,368.93,14.4475,6.8721,1.0504,60.2099,33.9982,173.715,energy,1.4674,21.5569,19635.2,26.5618,0.347,1.9645,2.8407,0.5238,1.0225,3.5094,236.769,18.2113,29.2501,1.788,1.2162,44.7155,15.752,1.0207,0.4042,22.2577,154.171,1.59956,0.3214,0.4061,24.8547,3.2098,2.607,0.835621,0.823377,0.886459,0.882359,0.861495
9168,phl,2007,machinery,7.2267,25.9064,3.4674,38.1282,5.2069,1.1455,6.2585,0.9725,2.3999,0.4759,6.1567,1.0044,3.9673,0.5813,154.587,18536.3,15.6596,0.206,52.8553,82.8123,111.09,76.2447,11.0213,1.8393,13.1676,18.0579,105.874,machinery,1.2675,8.0135,0.8185,4.6227,0.3782,0.6422,3.251,0.3542,2.3083,0.2145,2.8799,0.8101,4.0219,0.5178,62.2899,17466.0,5.1487,0.007,0.6605,2.8155,38.5441,12.9341,0.5532,0.1255,8.5542,1.8225,1.3902,0.32817,0.641885,0.576187,0.413665,0.574141
9263,qat,2007,energy,0.6592,0.2468,16985.3,3.1228,0.8331,0.1912,0.2943,0.0754,0.0271,1.5028,923.228,2.7859,44.9911,2.5322,4.1206,3.9395,16.7484,74.5384,327.22,82.741,450.277,5.6132,5.5032,1.5692,44.6507,17.7345,125.371,energy,0.0235,0.1518,16617.4,0.0353,0.0085,0.0248,0.025,0.006,0.0068,0.2229,654.666,0.3669,22.4393,0.1482,0.4777,0.8605,5.7039,0.4225,2.3604,8.0257,239.186,0.646379,1.0339,1.1417,17.3079,3.3438,2.2081,0.494044,0.769566,0.73347,0.601793,0.741474
9317,rus,2007,energy,2858.93,1296.37,124256.0,5197.85,382.68,112.178,186.393,119.313,1180.05,1361.84,11092.2,311.725,7825.83,389.274,2065.41,3457.77,315.993,1223.12,10088.2,6028.81,11517.7,478.309,83.758,147.201,2456.34,1129.57,12308.4,energy,240.584,1322.7,146233.0,485.075,36.831,60.637,9.5528,21.5726,725.453,776.744,9358.7,231.473,8262.35,174.422,712.343,644.004,128.119,10.2109,196.439,67.6833,3318.61,72.362,22.0868,27.1823,480.997,57.5076,48.4893,0.388749,0.592179,0.625992,0.502926,0.610809
9371,sau,2007,energy,217.014,63.0008,192137.0,366.292,110.687,56.8006,69.8748,20.961,12.4902,227.855,8812.25,272.816,344.379,48.8645,170.61,295.126,274.894,547.245,1798.63,1432.51,5868.69,61.0395,87.1495,36.2488,550.13,145.92,1290.8,energy,21.2286,50.1782,179256.0,74.6594,12.2828,28.7874,6.7466,7.732,3.9233,131.03,6618.99,40.9392,204.283,20.1205,34.4298,104.856,43.2657,5.2452,27.2643,154.653,2095.43,3.87776,13.7809,28.9633,332.152,44.5043,13.7751,0.679069,0.829105,0.864824,0.857291,0.837683
9681,twn,2007,machinery,11.3231,16.7884,18.2395,29.3138,8.9431,27.1183,7.4114,1.54,5.9677,8.9309,102.801,15.1144,53.7965,49.1295,171.721,55123.3,105.516,6.2366,673.178,100.695,28.8117,37.3077,14.4421,9.0879,36.8112,84.2242,440.384,machinery,0.9777,2.5055,10.6545,3.7779,0.2833,26.9355,2.3861,1.2293,5.972,4.9994,97.1287,14.3682,54.1343,44.1833,90.1244,49245.5,77.432,0.1629,14.6066,4.7699,15.6365,5.38686,4.7141,1.0486,28.3448,7.9201,7.9798,0.266114,0.556701,0.538955,0.327332,0.548652
9830,ven,2007,energy,86.7679,82.6843,42101.1,502.548,112.163,29.1619,62.6692,77.2159,20.4516,70.0344,642.221,22.6554,1280.06,142.236,283.263,200.471,219.319,67.902,1341.7,1232.79,1328.55,62.1884,8.4175,20.2389,97.6091,160.644,758.798,energy,2.3885,38.5036,40494.8,6.6305,4.1161,2.2013,0.6136,2.2354,2.3955,1.0415,204.186,9.7001,1292.8,23.3361,23.9363,15.7637,3.7506,0.3831,0.4504,7.9598,200.387,2.87697,0.815,0.6414,4.4832,2.9944,4.1217,0.619988,0.826097,0.8868,0.787133,0.845845
10127,aze,2011,energy,156.39,13.63,19230.2,107.76,43.92,6.11,0.82,0.94,0.76,0.71,163.05,1.8,85.06,0.46,3.55,15.35,5.55,46.72,368.28,190.85,412.24,18.27,0.52,0.48,28.62,40.86,254.08,energy,6.84,5.87,17842.3,6.53,0.47,4.86,0.48,0.76,0.56,0.4,89.39,0.35,84.42,0.24,0.51,5.08,4.83,0.2,1.29,1.02,99.81,0.48,0.07,0.15,6.64,0.57,2.57,0.6935,0.8703,0.9058,0.8403,0.885
10342,bol,2011,otherprim,11.32,1674.61,4.78,21.59,4.51,1.07,3.25,2.54,58.67,0.58,11.44,2.08,522.13,0.22,0.74,1.56,9.81,1.74,306.78,5.13,7.32,0.85,0.81,0.7,0.33,0.0,21.1,otherprim,2.24,1721.72,7.32,5.18,0.47,0.53,0.5,0.84,17.15,0.11,6.52,0.82,525.22,0.16,0.13,0.25,2.99,0.02,0.21,0.07,0.91,0.12,0.03,0.12,0.07,0.0,0.18,0.6837,0.361,0.5749,0.3986,0.3632
10397,brn,2011,energy,1.31,0.03,6396.47,9.79,0.94,4.18,4.61,0.51,2.16,6.75,104.46,17.09,23.43,12.02,4.42,13.61,18.47,4.7,54.02,11.53,270.85,1.63,0.21,0.04,17.83,1.37,309.55,energy,0.17,0.03,6161.64,1.13,0.01,2.44,1.57,0.01,0.25,1.27,102.5,0.24,19.68,3.38,1.84,9.01,18.3,0.07,2.11,0.51,134.03,0.06,0.19,0.01,1.16,0.73,3.7,0.8357,0.852,0.9135,0.8873,0.8651
10423,bwa,2011,otherprim,0.08,3675.12,0.01,2.96,0.58,0.01,0.01,0.0,0.01,0.02,0.06,0.04,0.01,0.08,0.12,0.05,4.88,0.03,42.85,0.45,0.67,0.02,0.12,0.02,0.81,0.15,3.6,otherprim,0.01,3643.66,0.0,0.11,0.02,0.01,0.01,0.0,0.0,0.0,0.02,0.0,0.01,0.01,0.11,0.04,3.56,0.0,0.17,0.02,0.39,0.01,0.01,0.01,0.28,0.03,0.11,0.9011,0.677,0.7575,0.6593,0.6979
10557,civ,2011,primaryagr,5395.83,2.18,2.72,659.27,41.88,35.8,14.25,5.35,1.0,1.59,98.15,0.28,1.99,0.44,1.46,1.67,2.81,0.0,4.19,-1.8,2.26,0.26,0.07,0.08,3.17,0.21,3.47,primaryagr,2375.04,0.35,2.26,403.71,4.98,9.0,0.14,1.25,0.96,0.28,70.99,0.1,1.96,0.16,1.14,0.57,0.06,0.0,0.09,0.09,0.61,0.07,0.02,0.03,0.55,0.0,0.18,0.5999,0.3438,0.5187,0.3553,0.387
10802,ecu,2011,energy,98.23,18.59,9896.56,166.07,22.74,15.74,14.9,8.92,6.38,15.48,62.71,3.09,24.41,18.97,19.38,30.69,54.69,27.55,149.55,46.2,556.31,51.89,41.19,1.13,2.11,1.53,165.11,energy,48.6,2.68,6129.11,49.62,0.55,2.46,0.44,0.88,4.35,1.91,21.06,1.25,24.41,1.3,7.37,10.41,0.96,0.21,0.04,0.54,102.21,2.94,0.49,0.1,0.3,0.2,1.51,0.5977,0.4157,0.5378,0.3802,0.4324
10908,eth,2011,primaryagr,10899.6,3.84,0.33,211.2,76.33,129.86,34.48,165.18,0.89,0.45,9.3,9.14,3.31,2.84,7.05,18.2,11.93,2.86,112.83,4.53,35.47,16.27,0.33,0.18,22.63,116.0,194.65,primaryagr,1799.12,0.14,0.0,6.19,0.4,17.63,1.2,31.28,0.02,0.01,0.41,0.14,2.66,0.05,0.42,0.55,0.25,0.03,0.46,1.21,25.0,2.89,0.2,0.07,7.17,4.56,9.95,0.8389,0.5082,0.6663,0.5564,0.5509
11071,gin,2011,otherprim,0.14,559.53,0.04,0.21,0.55,0.05,0.47,0.43,4.57,0.55,0.0,0.84,6.89,0.07,0.14,0.0,4.3,0.16,11.79,0.0,0.05,0.03,0.03,0.03,0.08,0.88,0.39,otherprim,0.02,423.84,0.04,0.01,0.0,0.0,0.0,0.0,0.38,0.0,0.0,0.01,6.7,0.01,0.0,0.0,0.06,0.0,0.5,0.0,0.01,0.01,0.0,0.0,0.04,0.02,0.01,0.5334,0.4802,0.6615,0.4329,0.5923
11342,irn,2011,energy,2315.41,517.08,85938.2,2535.99,81.86,338.65,78.61,141.06,4.44,73.21,2854.85,242.66,301.13,565.53,917.62,1217.25,606.21,81.07,4910.74,3552.73,5874.52,131.1,98.94,11.07,483.49,409.18,2241.77,energy,221.95,360.83,68232.6,112.84,1.41,72.95,3.69,29.27,2.26,14.0,2364.06,139.47,301.34,25.16,20.69,73.03,14.59,2.12,47.76,124.71,2471.31,27.23,43.78,8.72,155.75,28.99,27.72,0.6625,0.5907,0.6444,0.6481,0.6219
11504,kaz,2011,energy,481.95,66.72,14818.7,468.25,24.03,16.67,12.8,15.02,11.17,29.08,314.75,18.09,708.99,20.96,34.6,148.13,63.81,11.6,532.99,501.58,119.21,95.83,-1.17,1.18,-2.67,203.0,1649.76,energy,21.07,64.4,13961.2,18.97,0.85,0.88,0.12,1.22,0.13,1.4,230.19,1.76,622.88,1.13,1.4,6.06,11.94,0.14,0.59,5.38,55.94,2.91,0.15,0.12,3.48,4.39,30.38,0.3933,0.5593,0.5734,0.3315,0.5586
11639,kwt,2011,energy,3.97,7.67,63665.9,35.35,5.84,2.19,4.41,0.89,1.22,4.49,258.71,7.34,13.15,1.49,9.85,34.2,21.43,229.05,150.73,256.32,1023.62,42.42,40.97,5.97,173.56,80.94,270.23,energy,0.1,5.86,60585.2,4.51,0.12,0.08,0.05,0.02,0.08,1.68,166.72,0.99,4.57,0.28,0.45,2.74,0.7,0.22,0.15,1.61,553.61,22.76,0.44,1.46,25.84,0.95,12.31,0.704,0.7684,0.7876,0.7929,0.7912
11908,mng,2011,otherprim,1.55,1152.37,3.22,0.7,0.08,0.09,0.05,0.05,0.43,0.06,0.05,0.07,6.48,0.02,0.05,0.09,0.02,0.12,26.95,2.27,7.99,0.19,0.04,0.03,1.4,0.31,5.31,otherprim,0.15,1202.39,0.93,0.07,0.0,0.07,0.01,0.04,0.07,0.0,0.03,0.0,6.43,0.01,0.02,0.02,0.01,0.01,0.06,0.06,3.21,0.03,0.0,0.0,0.13,0.03,0.06,0.6265,0.5891,0.6899,0.5389,0.6146
11988,mwi,2011,primaryagr,1434.24,0.54,0.67,42.49,227.56,5.96,11.73,2.49,10.16,8.56,0.26,0.0,0.1,0.36,1.34,1.09,0.35,0.06,0.03,24.35,0.35,0.08,0.46,1.04,0.1,0.0,1.13,primaryagr,522.42,0.16,0.67,26.92,2.21,2.16,2.4,0.08,2.61,0.32,0.25,0.0,0.01,0.01,0.54,0.54,0.09,0.0,0.02,0.47,0.25,0.02,0.09,0.16,0.08,0.0,0.01,0.6118,0.4237,0.546,0.3955,0.4915
12071,nga,2011,energy,25.5,21.89,56185.4,38.89,9.61,2.67,4.56,3.28,2.79,17.53,130.5,12.96,69.08,4.93,18.75,49.75,22.45,0.44,16.72,73.0,266.83,4.65,11.75,8.17,8.62,20.24,607.93,energy,0.27,1.13,54960.6,0.53,0.46,0.33,0.02,2.44,0.22,0.28,45.16,3.62,61.77,2.31,1.31,2.48,1.39,0.0,0.02,0.23,99.07,0.2,0.11,0.06,0.38,0.2,7.49,0.8822,0.9124,0.9368,0.9094,0.9227
12152,nor,2011,energy,71.7,245.17,60279.3,434.63,17.87,13.94,6.15,1.73,38.91,188.74,729.87,36.57,1433.19,33.67,230.16,218.21,25.61,16.99,627.27,867.05,5629.64,99.56,44.21,15.43,307.04,232.85,1202.93,energy,5.05,218.62,63635.4,176.16,3.13,4.23,1.39,0.62,22.8,80.73,615.65,18.16,1418.7,18.7,62.07,145.6,6.46,0.21,5.94,25.54,3211.63,10.73,4.75,1.45,111.88,14.63,6.67,0.719,0.4349,0.5984,0.4817,0.4979
12233,omn,2011,energy,5.39,40.98,20840.4,42.2,1.37,6.32,7.52,2.96,0.72,21.13,391.7,19.76,71.14,2.39,5.59,47.38,31.41,139.45,234.18,274.52,356.46,14.47,7.11,0.88,44.85,37.41,172.73,energy,0.54,34.32,19759.4,24.66,0.01,1.21,0.43,0.21,0.35,2.98,318.43,11.56,58.73,0.61,1.13,16.5,15.63,0.51,0.21,11.29,93.01,0.79,0.16,0.2,12.01,1.68,1.18,0.8395,0.6823,0.7373,0.7343,0.7184
12447,pry,2011,primaryagr,2840.13,0.51,11.26,1563.65,73.23,34.31,15.33,3.08,3.38,4.3,14.44,0.66,0.74,2.71,0.52,0.69,4.27,0.72,30.89,176.0,9.1,7.42,0.04,0.86,18.58,60.16,102.7,primaryagr,2175.48,0.05,10.17,517.18,2.58,10.96,1.53,1.88,0.98,0.31,8.42,0.09,0.74,0.04,0.01,0.4,0.06,0.0,0.05,5.23,2.44,0.19,0.05,0.45,13.65,0.94,2.96,0.695,0.3783,0.5185,0.436,0.4099
12476,qat,2011,energy,0.9,1.08,19614.4,4.48,1.21,0.23,0.37,0.09,0.03,1.84,994.07,3.03,53.94,3.1,5.75,6.78,16.6,96.87,419.51,105.1,555.81,7.23,6.86,1.51,49.12,22.9,115.73,energy,0.02,0.96,19204.2,0.06,0.01,0.01,0.02,0.0,0.01,0.13,667.38,0.11,30.37,0.27,0.56,1.7,3.14,0.36,2.02,6.84,253.09,0.56,0.87,0.95,14.58,2.98,1.78,0.5684,0.6268,0.5745,0.4822,0.6066
12530,rus,2011,energy,3036.94,1148.99,116251.0,5428.76,414.19,94.91,214.21,117.89,1123.75,1255.51,10495.4,217.2,6111.54,358.24,2070.12,3757.49,309.22,1354.17,11450.2,6662.83,11529.6,492.5,83.6,146.44,2449.75,1225.88,12968.3,energy,234.68,1193.03,145220.0,331.81,23.43,31.37,5.67,11.72,546.39,550.31,8405.82,121.93,6450.63,98.46,421.53,405.18,83.48,7.02,136.02,47.01,2519.49,48.87,15.46,18.23,321.23,39.22,32.86,0.3872,0.5687,0.5812,0.457,0.5859
12584,sau,2011,energy,230.03,44.42,193766.0,363.74,116.73,50.17,76.7,18.73,10.71,205.9,8456.28,269.14,280.59,46.79,188.84,380.97,268.34,663.89,2342.99,1611.51,5886.43,78.46,91.88,19.96,387.15,177.51,1231.63,energy,13.07,31.45,180985.0,46.08,7.71,18.5,4.02,4.63,2.19,92.92,5376.8,25.05,131.72,14.48,25.19,94.18,26.33,2.45,13.78,70.62,1086.3,2.0,5.97,11.85,145.17,24.8,5.67,0.6874,0.7783,0.789,0.7818,0.7801
12771,tgo,2011,primaryagr,855.96,0.73,0.0,99.26,2.92,2.53,0.61,0.11,0.06,0.02,1.6,0.46,2.2,0.02,0.0,0.2,0.17,0.0,0.43,1.21,0.79,0.05,0.01,0.01,0.03,0.05,1.14,primaryagr,456.84,0.52,0.0,8.48,0.62,1.33,0.12,0.03,0.06,0.01,1.05,0.48,2.52,0.02,0.0,0.09,0.06,0.0,0.0,0.07,0.31,0.01,0.0,0.0,0.02,0.0,0.08,0.6803,0.3584,0.5753,0.4372,0.4785
12921,twn,2011,machinery,12.82,18.85,18.47,33.07,10.05,37.05,8.96,1.99,7.74,10.95,143.87,19.87,71.36,63.82,200.53,71126.4,132.36,7.01,647.65,110.71,32.71,41.3,14.9,10.2,34.34,92.98,497.1,machinery,1.27,3.21,10.81,4.86,0.35,36.87,3.17,1.64,7.75,6.56,137.2,19.03,71.79,58.6,114.51,65197.5,101.43,0.15,13.48,4.44,17.37,5.04,4.38,0.99,26.2,7.32,7.39,0.2656,0.5728,0.5599,0.334,0.5621
13070,ven,2011,energy,90.23,106.92,41986.9,545.65,131.59,31.74,74.35,86.86,22.7,79.61,603.98,20.89,803.18,153.53,411.16,223.34,236.8,80.08,1369.98,1348.67,1337.72,66.91,10.77,22.45,92.74,174.17,785.32,energy,0.88,56.81,40424.7,2.39,2.05,0.41,0.34,1.48,1.51,0.43,111.75,4.35,815.56,8.68,2.75,8.24,1.69,0.28,0.48,5.69,151.37,1.94,0.68,0.5,3.45,2.06,2.79,0.6228,0.8512,0.8879,0.786,0.8634
